Name	Primary Author(s)	RSS Feed URL	Access	Description	Publishing Cadence	Tags	Status	Last Post
Lenny's Newsletter	Lenny Rachitsky	https://www.lennysnewsletter.com/feed	Freemium	The most-read product newsletter on Substack. Deeply researched essays and operator interviews on product, growth, retention, monetization, and PM careers. Tactical playbooks plus subscriber surveys from people at top tech companies.	Weekly	product-strategy, growth, career, leadership, interviews	Active	2026-06-03
Silicon Valley Product Group (SVPG)	Marty Cagan & SVPG partners	https://www.svpg.com/articles/feed/	Free	Foundational thinking on empowered product teams, the product operating model, discovery vs. delivery, and product leadership. From the author of Inspired, Empowered, and Transformed.	Others (Irregular)	product-strategy, product-operating-model, leadership, discovery, empowered-teams	Active	2026-04-27
Product Thinking	Melissa Perri	https://melissaperri.substack.com/feed	Freemium	Strategic product management, product leadership, scaling product orgs, and escaping the build trap. Companion to her podcast, answering listener questions on product strategy and management.	Weekly	product-strategy, leadership, build-trap, product-ops, scaling	Inactive	2024-09-23
The Beautiful Mess	John Cutler	https://cutlefish.substack.com/feed	Freemium	Reflective, systems-thinking essays (with diagrams and metaphors) on product development, org design, team dynamics, prioritization, and the messy realities of building products inside companies.	Weekly	product-strategy, org-design, prioritization, teams, systems-thinking	Active	2026-05-31
Shreyas Doshi (Free Newsletter)	Shreyas Doshi	https://shreyasdoshi.substack.com/feed	Freemium	Candid short-form essays on product thinking, product sense, execution, prioritization, and how senior PMs and leaders actually operate. Draws on experience at Stripe, Twitter, Google, and Yahoo.	Others (Irregular)	product-strategy, prioritization, product-sense, leadership, execution	Active	2026-05-31
Product Growth	Aakash Gupta	https://www.news.aakashg.com/feed	Freemium	One of the largest paid PM newsletters. Deep dives on growth PM, AI product management, monetization, activation/retention, case studies, and landing PM roles at AI companies.	Weekly	growth, ai-pm, career, monetization, case-studies	Active	2026-06-03
The Product Compass	Pawel Huryn	https://www.productcompass.pm/feed	Freemium	Practical PM frameworks, AI for PMs, product discovery, strategy, and leadership, with downloadable templates and step-by-step playbooks. Strong "learn by doing" orientation.	Weekly	product-strategy, ai-pm, discovery, frameworks, templates	Active	2026-06-05
Department of Product	Rich Holmes	https://departmentofproduct.substack.com/feed	Freemium	Product-led analysis of what real teams are building now, AI's impact on product work, and emerging tech trends. Includes teardowns and emerging-technology explainers for senior PMs.	Weekly	product-strategy, ai, tech-trends, teardowns, analysis	Active	2026-06-05
Roman Pichler	Roman Pichler	https://www.romanpichler.com/feed/	Free	Product strategy, roadmapping, product vision, OKRs, and agile product leadership, with templates and step-by-step frameworks for product people and product owners.	Monthly	product-strategy, roadmapping, vision, okrs, agile	Active	2026-05-11
Itamar Gilad's Newsletter	Itamar Gilad	https://itamargilad.com/feed/	Freemium	Evidence-guided product management from an ex-Google/Microsoft PM: goals, ideas, validation (GIST), prioritization, OKRs, and avoiding feature-factory traps, with templates and eBooks.	Fortnightly	product-strategy, prioritization, okrs, validation, evidence-guided	Active	2026-06-03
Product Talk	Teresa Torres	https://www.producttalk.org/feed/	Freemium	The definitive source on continuous product discovery: customer interviewing, the Opportunity Solution Tree, assumption testing, and outcome-driven discovery habits for product trios.	Fortnightly	discovery, continuous-discovery, user-research, interviewing, opportunity-solution-tree	Active	2026-06-04
Product Thoughts / Product Practice	Tim Herbig	https://herbig.co/feed/	Free	Hands-on product discovery, lateral leadership, OKRs, outcome-based roadmaps, and prioritization frameworks (e.g., RICE), bridging product theory and day-to-day practice with templates.	Weekly	discovery, okrs, prioritization, roadmapping, leadership	Active	2026-03-02
Bring the Donuts	Ken Norton	https://www.bringthedonuts.com/feed.xml	Free	Executive-coaching wisdom for product leaders from a former Google PM director: leadership, career growth, hiring, managing up, and the craft and art of product management.	Others (Irregular)	leadership, career, coaching, hiring, craft	Active	2026-01-07
One Knight in Product	Jason Knight	https://oneknightinproduct.substack.com/feed	Free	Curated product commentary, opinionated takes on product trends, and a long-running interview podcast with product leaders on strategy, roadmapping, B2B product, and stakeholder management.	Weekly	product-strategy, interviews, roadmapping, b2b, commentary	Active	2026-06-19
The Looking Glass	Julie Zhuo	https://lg.substack.com/feed	Freemium	A three-part monthly letter for product builders from Facebook's former VP of Product Design and author of The Making of a Manager. Covers product and design craft, leadership, and personal growth.	Monthly	leadership, design, management, product-craft, personal-growth	Active	2026-06-06
Rich Mironov's Product Bytes	Rich Mironov	https://richmironov.substack.com/feed	Free	Candid commentary on product strategy, B2B/enterprise product management, pricing, roadmaps, and the economics and politics of product orgs from a veteran product exec.	Monthly	product-strategy, b2b, enterprise, pricing, roadmapping	Active	2026-06-02
The PBL Newsletter	Ant Murphy	https://www.antmurphy.me/newsletter/rss.xml	Free	Weekly practical product advice on problem framing, prioritization, product strategy, and value creation, aimed at growing a PM's product and business impact.	Weekly	product-strategy, prioritization, problem-framing, frameworks, value	Active	2026-06-01
Product Management IRL	Amy Mitchell	https://amycmitchell.substack.com/feed	Freemium	Practical, authentic, sometimes contrarian advice on the real-world craft of PM: prioritization, team dynamics, stakeholder wrangling, and user advocacy, one bit at a time.	Weekly	product-craft, teams, stakeholder-management, prioritization, career	Active	2026-06-05
ONE THING	Bruce McCarthy	https://www.productculture.org/archive?format=rss	Free	Each issue delivers one product insight plus a recommended article, person, question, and job. Focused on product strategy fundamentals, roadmapping, alignment, and product culture.	Weekly	product-strategy, roadmapping, alignment, product-culture, curation	Active	2026-06-04
Food for Agile Thought	Stefan Wolpers	https://age-of-product.com/feed/	Free	Weekly curated roundup of the best writing on agile, product ownership, scrum, product discovery, and team dynamics, with original essays on the product operating model.	Weekly	agile, scrum, product-ownership, discovery, curation	Active	2026-06-05
GTM Strategist	Maja Voje	https://knowledge.gtmstrategist.com/feed	Freemium	Go-to-market strategy, product-market fit, beachhead/segment selection, positioning, pricing, and launch tactics, with concrete examples and frameworks for taking products to market.	Weekly	go-to-market, product-market-fit, pricing, positioning, launch	Active	2026-06-05
The Outcome	ProdPad (Janna Bastow et al.)	https://www.prodpad.com/feed/	Free	ProdPad's newsletter on discovery, customer feedback, prioritization, metrics, OKRs, and the full PM lifecycle. Practical guidance on outcome-driven roadmapping.	Monthly	discovery, prioritization, metrics, okrs, roadmapping	Active	2026-05-28
The Black Box of Product Management	Brandon Chu	https://blackboxofpm.substack.com/feed	Free	From a Shopify VP of Product, demystifying the PM discipline: decision-making, mental models, prioritization, managing PMs, and growing into a product director/leader.	Others (Irregular)	product-management, leadership, decision-making, prioritization, career	Inactive	2021-08-11
Ask Gib	Gibson Biddle	https://askgib.substack.com/feed	Free	Former Netflix/Chegg VP/CPO answers reader questions on product, management, strategy, leadership, culture, and careers, drawn from decades of consumer product experience.	Others (Irregular)	product-strategy, product-leadership, careers, consumer-products	Inactive	2025-03-05
Ravi on Product	Ravi Mehta	https://blog.ravi-mehta.com/feed	Freemium	Former Tinder CPO on building products, building teams, AI, and product strategy. Frameworks and career guidance for PMs aiming at senior and leadership roles.	Others (Irregular)	product-strategy, ai, leadership, teams, career	Active	2026-06-04
Maarten's Newsletter	Maarten Dalmijn	https://www.mdalmijn.com/feed	Freemium	Brings clarity to agile product management with sharp, opinionated essays on Scrum, roadmaps, outcomes-over-output, and why so many product orgs get agile wrong.	Weekly	agile, scrum, roadmapping, outcomes, product-management	Active	2026-06-06
Behind Product Lines	Aatir Abdul Rauf	https://aatir.substack.com/feed	Freemium	Tactical product management and PM/PMM collaboration. Visual breakdowns and case studies on go-to-market, positioning, and the overlap of product and product marketing.	Weekly	product-management, product-marketing, go-to-market, positioning, visual	Active	2026-03-10
Untrapping Product Teams	David Pereira	https://dpereira.substack.com/feed	Freemium	A newsletter about hope for product people: simplifying complex situations and escaping the feature factory. Covers the evolving PM role, AI's impact on teams, and agility.	Weekly	product-management, agile, product-leadership, anti-feature-factory, ai	Active	2026-06-03
The Product Person	Richard Kong	https://theproductperson.substack.com/feed	Freemium	Each week summarizes one article to sharpen product skills. Draws parallels between historical tech shifts and current AI commercialization, competitive dynamics, and product strategy.	Weekly	product-management, ai, product-strategy, tech-analysis	Active	2026-04-12
The Uncommon Executive	Yue Zhao	https://news.theuncommonexecutive.com/feed	Freemium	Career growth, leadership, and product management for aspiring executives (L6+): performance reviews, promotion strategy, executive communication, and leading in an AI-driven workplace.	Weekly	product-leadership, career, executive, communication	Active	2026-06-06
Focused Chaos	Ben Yoskovitz	https://www.focusedchaos.co/feed	Freemium	Startups, product management, and analytics from a serial entrepreneur and co-author of Lean Analytics. Practical advice on building products, metrics, and operating in early-stage chaos.	Weekly	startups, product-management, analytics, metrics	Active	2026-05-12
Productify	Bandan Singh	https://productify.substack.com/feed	Freemium	Product growth strategies and case studies broken down for working PMs. Tactical breakdowns of how products grow, activate, and retain users.	Weekly	product-growth, case-studies, retention, plg	Active	2026-06-03
Product Manager HQ	Product Manager HQ team	https://www.producthq.org/feed/	Free	Community newsletter covering stakeholder navigation, soft skills, UX, retention, career progression, and PM fundamentals for a large PM audience.	Weekly	product-management, career, fundamentals, community	Active	2026-01-07
PM Talk	Anubhav Singh	https://pmtalk.substack.com/feed	Freemium	Practical product management lessons, frameworks, and career guidance for aspiring and working product managers, with an India-origin perspective.	Weekly	product-management, career, frameworks, india	Inactive	2025-06-26
Product Management with Mani	Mani Grewal	https://productmanagementwithmani.substack.com/feed	Freemium	Hands-on product management lessons, interview prep, and career advice geared toward breaking into and leveling up in PM roles.	Weekly	product-management, interviews, career, fundamentals	Active	2026-06-05
Productside Newsletter	Productside (Roger Snyder, Kayla Trail et al.)	https://productside.com/feed/	Free	Product management and product marketing training company's newsletter, sharing frameworks, leadership advice, and practical PM/PMM skills from their consulting practice.	Monthly	product-management, product-marketing, training, leadership	Active	2026-05-21
Sachin Rekhi's Blog	Sachin Rekhi	https://www.sachinrekhi.com/feed	Free	Evergreen essays on product management craft, design, and entrepreneurship from a former LinkedIn product leader and founder. Deep pieces on product judgment and strategy.	Others (Irregular)	product-management, product-craft, strategy, entrepreneurship	Active	2026-05-24
GoPractice	Oleg Yakubenkov	https://gopractice.io/feed/	Freemium	Resources on product, growth, analytics, and data-driven decision-making. Known for simulator-based learning and rigorous treatment of product and data problems.	Others (Irregular)	product-analytics, growth, data-driven, simulators	Active	2026-04-08
Elena's Growth Scoop	Elena Verna	https://www.elenaverna.com/feed	Freemium	Product-led growth, growth loops, monetization, retention, and growth-team org design from a serial growth exec (Dropbox, Amplitude, Miro). Opinionated takes and the AI growth playbook.	Weekly	growth, plg, retention, monetization, growth-loops	Active	2026-06-05
Leah's ProducTea	Leah Tharin	https://www.leahtharin.com/feed	Freemium	Long-form, no-BS guides on product-led growth, product-led sales, pricing/monetization, and organizational scaling for scaleups, plus PLG cohort education.	Weekly	plg, growth, product-led-sales, monetization, scaling	Active	2026-05-23
The Product-Led Geek	Ben Williams	https://www.plg.news/feed	Freemium	Weekly PLG and product-led-sales newsletter for B2B founders and product/growth leaders. Covers loop-based growth, activation, scaling product & growth teams, and PLS motions (ex-VP PLG at Snyk).	Weekly	plg, product-led-sales, growth, activation, b2b	Active	2026-06-02
@andrewchen	Andrew Chen	https://andrewchen.substack.com/feed	Free	Long-form essays on user growth, viral loops, network effects, churn/retention curves, and marketplaces from the a16z GP and ex-Uber growth lead. Foundational growth-theory writing.	Others (Irregular)	growth, retention, network-effects, viral-loops, marketplaces	Inactive	2025-11-05
ProductLed Newsletter	Wes Bush	https://productled.com/feed	Free	Weekly tactics from the world's fastest-growing product-led companies: building product-led orgs, free trial/freemium, activation, and self-serve revenue, from the author of Product-Led Growth.	Weekly	plg, activation, freemium, self-serve, strategy	Active	2026-06-04
Forget The Funnel	Georgiana Laudi & Claire Suellentrop	https://forgetthefunnel.com/feed	Free	Customer-Led Growth for SaaS: getting inside customers' heads, mapping and measuring the customer experience, and finding the levers that actually move retention and recurring revenue.	Others (Irregular)	retention, customer-led-growth, saas, activation, product-marketing	Active	2026-05-05
Casey Accidental	Casey Winters	https://www.caseyaccidental.com/feed	Free	Deep essays on growth strategy, retention, growth loops, marketplaces, and scaling product orgs from the ex-CPO of Eventbrite and growth lead at Pinterest/Grubhub.	Others (Irregular)	growth, retention, growth-loops, marketplaces, strategy	Active	2026-05-05
Brian Balfour	Brian Balfour	https://blog.brianbalfour.com/feed	Free	Deeply researched essays on growth strategy, product-channel fit, growth loops, retention, and AI's impact on distribution from the Reforge founder and ex-VP Growth at HubSpot.	Others (Irregular)	growth, growth-loops, retention, strategy, ai	Inactive	2025-10-02
PricingSaaS / Good Better Best	Rob Litterst	https://goodbetterbest.substack.com/feed	Free	Weekly breakdowns of real SaaS pricing and packaging moves (AI usage limits, credits, plan simplification), distilled into pricing ideas to steal, backed by data on thousands of pricing pages.	Weekly	pricing, packaging, monetization, saas, plg	Active	2026-05-01
PLG Monetized	John Kotowski	https://substack.pricingsaas.com/feed	Freemium	PLG pricing and monetization deep dives: usage-based pricing, pricing metrics, feature gating, and packaging strategy for self-serve software.	Weekly	monetization, pricing, plg, packaging, usage-based	Inactive	2023-04-13
Growth Gems	Sylvain Gauchet	https://growthgems.substack.com/feed	Freemium	Curated "gems"—actionable insights mined from the best growth podcasts and talks. Full-funnel consumer/app growth: paid UA, creatives, retention, monetization, and lifecycle marketing.	Others (Irregular)	growth, acquisition, retention, monetization, mobile	Active	2026-06-02
Growthmates	Kate Syuma	https://www.growthmates.news/feed	Freemium	Holistic growth at the intersection of PLG, UX/growth design, and leadership. Deep-dive interviews and playbooks with growth leaders from Notion, Canva, Dropbox, Miro, and Amplitude.	Fortnightly	plg, growth-design, ux, leadership, activation	Active	2026-05-24
Mobile Dev Memo	Eric Seufert	https://mobiledevmemo.com/feed/	Freemium	Independent analysis of the digital economy: freemium monetization, mobile user acquisition, ad-driven growth, attribution, and quantitative marketing for consumer apps.	Weekly	monetization, acquisition, mobile, freemium, advertising	Active	2026-06-04
PeerSignal	Adam Schoenfeld	https://www.peersignal.org/feed	Freemium	Data-backed B2B SaaS go-to-market research: PLG benchmarks, GTM-motion data, role-model teardowns, and category analysis for growth, sales, and marketing leaders.	Weekly	go-to-market, plg, benchmarks, b2b, data	Active	2026-04-08
Ben's Bites	Ben Tossell	https://www.bensbites.com/feed	Freemium	Practical AI news and education for people using AI at work and building with it. Daily roundups of the biggest announcements plus tutorials, tool breakdowns, and how-to guides.	Daily	ai, ai-news, ai-tools, genai	Active	2026-06-04
The Rundown AI	Rowan Cheung	https://rss.beehiiv.com/feeds/2R3C6Bt5wj.xml	Free	Daily 5-minute brief on the most important AI news, model releases, and tools, with a "how to use it" angle. Heavy on practical applications, prompts, and tooling.	Daily	ai, ai-news, ai-tools, genai	Active	2026-06-05
Latent Space	swyx (Shawn Wang) & Alessio Fanelli	https://www.latent.space/feed	Freemium	The AI Engineer newsletter and podcast: foundation models, code generation, multimodality, AI agents, and infra. Deep technical interviews; essential for PMs building serious LLM products.	Weekly	ai, llm, ai-engineering, agents, genai	Active	2026-06-05
AI Tidbits	Sahar Mor	https://www.aitidbits.ai/feed	Freemium	AI for builders and operators by an ex-Stripe PM/engineer. Roundups of papers and news plus deep dives on generative AI, agents, and AI coding, translating research into product insight.	Weekly	ai, llm, agents, ai-tools, genai	Active	2026-06-14
One Useful Thing	Ethan Mollick	https://www.oneusefulthing.org/feed	Free	Wharton professor Ethan Mollick on the practical implications of AI for work, education, and life. Hands-on experiments with frontier models, prompting craft, and how AI changes how teams build.	Weekly	ai, genai, llm, future-of-work, ai-strategy	Active	2026-06-04
Marily Nika's AI Product Academy	Dr. Marily Nika	https://marily.substack.com/feed	Freemium	A leading AI-for-PMs newsletter by a Gen AI Product Lead (ex-Google/Meta). Practical AI-PM frameworks, technical toolkits, workflows, and career guidance for building and leading AI products.	Weekly	ai-pm, ai, genai, product-management, ai-tools	Active	2026-06-04
Behind the Craft	Peter Yang	https://creatoreconomy.so/feed	Freemium	Practical AI tutorials, prompt libraries, and interviews for product builders and creators. Becoming an AI-powered product leader, AI tooling workflows, and applying genAI to product work.	Weekly	ai, ai-pm, ai-tools, product-management, genai	Active	2026-06-03
The Neuron	Noah Edelman & Pete Huang	https://rss.beehiiv.com/feeds/N4eCstxvgX.xml	Free	Daily ~3-minute AI brief on the latest news, tools, and research with context on why it matters and how to apply it at work. Accessible and application-focused.	Daily	ai, ai-news, ai-tools, genai	Active	2026-06-05
TLDR AI	TLDR team (Dan Ni)	https://tldr.tech/api/rss/ai	Free	Daily concise roundup of the most important AI/ML news, research papers, and engineering links. Covers model releases, tooling, and developments relevant to building AI products.	Daily	ai, ml, ai-news, ai-engineering, genai	Active	2026-06-05
Exponential View	Azeem Azhar	https://www.exponentialview.co/feed	Freemium	In-depth analysis of AI and exponential technologies and their impact on business, economy, and society. Strategic, big-picture framing for product leaders thinking long-term about AI.	Weekly	ai, ai-strategy, tech-trends, genai, future	Active	2026-06-03
Interconnects	Nathan Lambert	https://www.interconnects.ai/feed	Freemium	An ML researcher (ex-HuggingFace/AI2) making sense of the latest models, training methods, and the open-model ecosystem. Great for PMs who want to understand model capabilities deeply.	Weekly	ai, llm, ml, open-models, ai-research	Active	2026-06-02
The Pragmatic Engineer	Gergely Orosz	https://newsletter.pragmaticengineer.com/feed	Freemium	The #1 technology newsletter on Substack, covering Big Tech and startups from the inside: engineering, AI tooling/coding assistants, careers, compensation, and how products and teams are built.	Weekly	engineering, ai-tools, career, big-tech, org-design	Active	2026-06-03
Import AI	Jack Clark	https://importai.substack.com/feed	Free	Weekly newsletter by Anthropic co-founder Jack Clark summarizing key AI research and what it implies for policy, safety, and capabilities. Useful for tracking where the frontier is heading.	Weekly	ai, ai-research, ml, ai-policy, genai	Active	2026-06-01
Every	Dan Shipper, Nathan Baschez & team	https://every.to/feed.xml	Freemium	A bundle of essays on AI and how to actually use it to build and work, including hands-on pieces on AI products, agents, and AI-native workflows for builders and operators.	Daily	ai, ai-tools, genai, product, ai-workflows	Active	2026-06-04
Last Week in AI	Andrey Kurenkov & Jeremie Harris	https://lastweekin.ai/feed	Free	Weekly summary of the most significant AI news and research with thoughtful commentary. Balanced coverage of capabilities, products, and policy for staying current on the AI landscape.	Weekly	ai, ml, ai-news, ai-research, genai	Active	2026-05-26
Experimental Mind	Kevin Anderson	https://kevinanderson.substack.com/feed	Freemium	Curated weekly newsletter at the intersection of experimentation, analytics, and behavioral science. Rounds up the best reads, events, and jobs in online controlled experiments and A/B testing.	Weekly	experimentation, ab-testing, analytics, behavioral-science, jobs	Active	2026-06-01
CRO Weekly	Tom van den Berg	https://tomvandenberg.substack.com/feed	Freemium	Curated overview of conversion-rate optimization and experimentation reads, talks, tools, and jobs. Covers experiment design, metric pitfalls, scaling experimentation quality, and validation.	Weekly	cro, experimentation, ab-testing, conversion, analytics	Active	2026-03-26
Data Analysis Journal	Olga Berezovsky	https://dataanalysis.substack.com/feed	Freemium	Where product, data science, and analytics intersect. Practitioner deep dives on retention measurement, A/B testing, product metrics, and analytics tooling from real product-analytics leadership.	Weekly	product-analytics, metrics, retention, ab-testing, data-science	Active	2026-06-03
Counting Stuff	Randy Au	https://www.counting-stuff.com/rss/	Freemium	The important, mundane parts of data science: data collection, quality, cleaning, and research methodology, with practical takes on quantitative UX research and analytics work.	Weekly	data-science, data-quality, methodology, analytics, ux-research	Active	2026-06-04
benn.substack	Benn Stancil	https://benn.substack.com/feed	Freemium	Weekly essays on data, analytics, and the modern data stack, with semi-controversial takes on BI tools, metrics layers, data companies, and analytical methodology.	Weekly	analytics, data, modern-data-stack, bi, metrics	Active	2026-06-05
Decision Intelligence	Cassie Kozyrkov	https://decision.substack.com/feed	Freemium	Data-driven decision-making with a dash of humor: statistics, ML/AI, decision science, and analytics fundamentals, translating rigorous concepts into practical guidance for better choices.	Weekly	decision-science, statistics, analytics, data, ml	Active	2026-06-03
Scaling Down (Statsig)	Statsig Team (Vijaye Raji et al.)	https://newsletter.statsig.com/feed	Free	Reflections from Statsig engineers and product builders on the startup journey, product development, and experimentation challenges, from a team building a leading experimentation platform.	Monthly	experimentation, ab-testing, startups, product, statistics	Inactive	2025-04-04
TheSequence	Jesus Rodriguez & Ksenia Se	https://thesequence.substack.com/feed	Freemium	Stay up to date with ML, AI, and data science: a free weekly digest of research, releases, and startups plus premium deep dives into ML concepts and frameworks.	Weekly	ml, ai, data-science, research	Active	2026-06-04
Locally Optimistic	Community (data leaders)	https://locallyoptimistic.com/feed/	Free	A blog for current and aspiring data and analytics leaders: building analytics functions, data culture, analytics engineering, and the pitfalls of "data-driven" strategy.	Others (Irregular)	analytics, data-leadership, analytics-engineering, data-culture, bi	Inactive	2025-08-18
UX Collective	Fabricio Teixeira & Caio Braga	https://newsletter.uxdesign.cc/feed	Free	Ad-free weekly curation of the best product design, UX, interaction design, strategy, and usability links, plus original essays like the annual State of UX report.	Weekly	ux, design, product-design, usability, curation	Active	2026-06-01
Built for Mars	Peter Ramsey	https://builtformars.substack.com/feed	Freemium	In-depth UX teardowns and case studies dissecting how real products (Stripe, Klarna, Notion, Google) design onboarding, flows, and friction, plus UX Bites and product-psychology breakdowns.	Others (Irregular)	ux, case-studies, usability, product-psychology, onboarding	Active	2026-06-06
Maggie Appleton	Maggie Appleton	https://maggieappleton.com/rss.xml	Free	Visual essays blending design, anthropology, and software, including work on AI/LLM interfaces, design patterns, and tools for thought, from a product designer at Elicit.	Others (Irregular)	design, ux, ai-interfaces, design-patterns, essays	Active	2026-04-13
Smashing Magazine	Vitaly Friedman & team	https://www.smashingmagazine.com/feed/	Free	Practical front-end and UX articles for designers and developers: usability, accessibility, design systems, interface patterns, and increasingly AI-and-design topics.	Weekly	ux, web-design, usability, accessibility, design-systems	Active	2026-06-03
UX Design Weekly	Kenny Chen	https://uxdesignweekly.com/feed/	Free	A hand-picked weekly list of the best UX design articles, tools, resources, and case studies, published every Monday. A reliable digest to stay current on UX trends.	Weekly	ux, design, curation, tools, usability	Active	2026-06-01
Nielsen Norman Group (NN/g)	Jakob Nielsen, Don Norman & NN/g researchers	https://www.nngroup.com/feed/rss/	Free	Research-backed articles on usability, UX research methods, information architecture, interaction design, and evidence-based design heuristics. The authoritative source for usability principles.	Weekly	usability, ux-research, interaction-design, heuristics, information-architecture	Active	2026-06-05
Growth.Design	Dan Benoni & Louis-Xavier Lavallee	https://growth.design/feed	Free	Comic-book-format UX case studies applying behavioral psychology to how products like Tinder, Airbnb, and Trello design experiences users love. Visually engaging, deeply researched breakdowns.	Monthly	ux, case-studies, product-psychology, growth-design, behavioral-design	Active	unknown
Product Picnic	Pavel Samsonov	https://rss.beehiiv.com/feeds/aoQVhPNHQP.xml	Free	Essays reframing design as a decision-making framework for product development, focused on creating environments where good design and discovery decisions happen.	Others (Irregular)	design, product-discovery, design-strategy, decision-making, ux	Active	2026-05-31
Jared Spool / UIE	Jared Spool	https://articles.centercentre.com/feed/	Free	Research, articles, and advice on maturing UX strategy within organizations from the founder of UIE/Center Centre: design maturity, UX leadership, and connecting design to business value.	Others (Irregular)	ux-strategy, design-maturity, ux-leadership, usability, organizations	Active	2026-03-06
Mule Design (Erika Hall)	Erika Hall	https://www.muledesign.com/blog?format=rss	Free	Notes from the author of Just Enough Research and Conversational Design on evidence-based design, lean research methods, asking the right research questions, and clear language.	Others (Irregular)	user-research, design-research, lean-research, content-design, evidence-based	Inactive	2025-10-06
Irrational Exuberance	Will Larson	https://lethain.com/feeds.xml	Free	Engineering leadership writing from a multi-time CTO (Carta, Calm) and author of Staff Engineer and An Elegant Puzzle: engineering strategy, leadership styles, the Staff-plus track, and developing teams.	Weekly	leadership, engineering-management, strategy, career, org-design	Active	2026-04-27
Wes Kao's Newsletter	Wes Kao	https://newsletter.weskao.com/feed	Freemium	Executive coach and Maven/altMBA co-founder on managing up, executive communication, influence, and standing out as a high performer. Tactical advice for operators and leaders.	Weekly	communication, managing-up, leadership, career, personal-effectiveness	Active	2026-05-27
Refactoring	Luca Rossi	https://refactoring.fm/feed	Freemium	For 170,000+ engineers and managers on becoming a better engineering leader: management, technical strategy, hiring, team culture, and manager archetypes via short and long-form essays.	Weekly	engineering-management, leadership, team-culture, hiring, career	Active	2026-06-03
Lara Hogan / Wherewithall	Lara Hogan	https://larahogan.me/feed.xml	Free	Management coaching from a former VP of Engineering (Kickstarter) and Etsy director: one-on-ones, feedback, meetings, managing emotions, expectation-setting, and supporting emerging leaders.	Others (Irregular)	management, leadership, coaching, one-on-ones, communication	Active	2026-04-22
Elided Branches	Camille Fournier	https://www.elidedbranches.com/feeds/posts/default	Free	Engineering management and technical leadership from the author of The Manager's Path and former CTO of Rent the Runway: the management ladder, IC-to-manager transitions, and org structure.	Others (Irregular)	engineering-management, leadership, career, org-design, management	Active	2026-05-31
charity.wtf	Charity Majors	https://charitydotwtf.substack.com/feed	Free	Honeycomb co-founder and CTO on engineering management, startups, and the famed Engineer/Manager Pendulum: balancing IC and management work, observability culture, and healthy orgs.	Others (Irregular)	engineering-management, leadership, career, org-design, startups	Active	2026-06-02
Radical Candor	Kim Scott (Radical Candor team)	https://www.radicalcandor.com/blog/rss.xml	Free	From the author of Radical Candor and Radical Respect: giving and receiving feedback, building caring-yet-direct management relationships, and creating respectful workplace cultures.	Weekly	feedback, management, leadership, communication, culture	Active	2026-05-30
Know Your Team	Claire Lew	https://canopy.is/blog/feed	Free	A CEO coach writing weekly on becoming a better manager: running effective one-on-ones, getting honest feedback, building trust, and the realities of first-time leadership.	Weekly	management, leadership, one-on-ones, feedback, first-time-managers	Inactive	2024-04-10
Level Up Newsletter	Ethan Evans	https://levelupwithethanevans.substack.com/feed	Freemium	A retired Amazon VP teaching professionals to become true executives: executive presence, the "Magic Loop" growth framework, managing up, and rising from IC to VP.	Weekly	career, leadership, executive-presence, management, promotion	Active	2026-06-04
Implications	Scott Belsky	https://www.implications.com/feed	Freemium	From Behance founder and former Adobe CPO, forecasting how advances in tech, AI, and culture reshape products, creative workflows, teams, and leadership.	Others (Irregular)	product, leadership, future-of-work, teams, creativity	Active	2026-05-12
The Engineering Manager	James Stanier	https://theengineeringmanager.substack.com/feed	Freemium	From Shopify's Director of Engineering and author of Become an Effective Software Engineering Manager: tutorials for new managers plus essays, interviews, and book reviews.	Others (Irregular)	engineering-management, leadership, new-managers, career, remote-work	Active	2026-05-19
Software Lead Weekly	Oren Ellenbogen	https://swlw-rss.netlify.app/issues.rss	Free	A curated free weekly email for people who care about people, culture, management, and leadership. Hand-picked best articles on software leadership, delivered every Friday.	Weekly	engineering-management, leadership, culture, curation, management	Active	2026-06-05
Dave's Founder Notes	Dave Bailey	https://foundercoach.substack.com/feed	Freemium	From a CEO coach who scaled Delivery Hero: short-form leadership advice for founders and CEOs on becoming a better leader, communication, decision-making, and executive growth.	Weekly	leadership, founder, ceo, coaching, communication	Inactive	2025-12-03
Net Interest	Marc Rubinstein	https://www.netinterest.co/feed	Freemium	Weekly deep dives into the financial sector—banks, fintech, insurance, capital markets—from a former hedge fund manager. Analyzes business models, competitive dynamics, and market structure.	Weekly	fintech, finance, banking, business-models, b2b	Active	2026-06-05
Fintech Takes	Alex Johnson	https://newsletter.fintechtakes.com/feed	Freemium	Twice-weekly deep dives plus short takes on lending, credit, regulation, banking-as-a-service, and fintech launches, funding, and M&A. Strong on policy and infrastructure nuance.	Weekly	fintech, lending, banking, regulation, b2b	Inactive	2022-04-22
Mostly Metrics	CJ Gustafson	https://cjgustafson.substack.com/feed	Freemium	For current and aspiring CFOs and operators: SaaS metrics (NDR, CAC, Rule of 40), go-to-market strategy, annual planning, pricing, and monetization, explained plainly and with wit.	Weekly	saas, metrics, finance, b2b, go-to-market	Active	2026-01-29
Tomasz Tunguz	Tomasz Tunguz	https://tomtunguz.com/index.xml	Free	Daily concise posts on SaaS economics, data infrastructure, AI, enterprise software trends, fundraising benchmarks, and go-to-market metrics from the Theory Ventures founder.	Daily	saas, enterprise, data, ai, metrics	Active	2026-06-05
SaaStr	Jason Lemkin	https://www.saastr.com/feed/	Free	Tactical B2B SaaS advice on scaling revenue from $1M to $100M+ ARR: sales, hiring, fundraising, pricing, churn, and go-to-market. Operator-focused for founders and product leaders.	Daily	saas, enterprise, sales, go-to-market, b2b	Active	2026-06-05
Stratechery	Ben Thompson	https://stratechery.com/feed/	Paid	Strategic analysis of tech business models, platforms, Aggregation Theory, and the economics of software and internet companies. Deep frameworks on competitive dynamics across big tech and SaaS.	Weekly	strategy, platform, enterprise, business-models, tech	Active	2026-06-05
Platformer	Casey Newton	https://www.platformer.news/rss/	Freemium	Reporting and analysis at the intersection of tech platforms, social media, content moderation, AI, and the policy/power dynamics of large platform companies.	Others (multiple/week)	platform, policy, tech, ai, social-media	Active	2026-06-04
This Week in Apps	Sarah Perez	https://appfigures.com/resources/rss/this-week-in-apps	Freemium	Coverage of the mobile app ecosystem: app-store policy, download/revenue trends, platform changes from Apple and Google, and product launches. Useful for mobile and platform PMs.	Weekly	mobile, apps, platform, product, ecosystem	Active	2026-03-13
The Generalist	Mario Gabriele	https://www.generalist.com/feed	Freemium	Long-form deep dives on technology companies, venture capital, founders, and market trends across SaaS, fintech, crypto, and emerging tech. Narrative business analysis and frameworks.	Weekly	venture, strategy, saas, fintech, b2b	Active	2026-06-04
Not Boring	Packy McCormick	https://www.notboring.co/feed	Freemium	Business strategy essays on startups, tech, crypto, and emerging markets, blending storytelling with analysis: company deep dives, market theses, and macro tech trends.	Weekly	strategy, venture, tech, fintech, crypto	Active	2026-06-05
The GTMnow Newsletter	GTMfund (Scott Barker, Sophie Buonassisi)	https://thegtmnewsletter.substack.com/feed	Free	Go-to-market strategy, sales, and growth tactics for B2B SaaS, drawn from GTMfund's network of operators and investors. Deep dives plus interviews with top GTM leaders and founders.	Weekly	saas, go-to-market, sales, b2b, enterprise	Active	2026-06-05
Public Comps Insights	Jon Ma	https://publiccomps.substack.com/feed	Freemium	Teardowns of public SaaS companies, valuation multiples, IPO reviews, and benchmark analysis (Rule of 40, EV/NTM ARR). Data-driven views for SaaS investors and operators.	Others (Irregular)	saas, metrics, valuation, b2b, finance	Inactive	2020-01-10
Tanay's Newsletter	Tanay Jaipuria	https://www.tanayj.com/feed	Freemium	Essays on tech and business strategy: big tech, generative AI, SaaS and AI infrastructure, business models, and market analysis from a Wing VC and ex-Meta PM.	Weekly	strategy, ai, saas, enterprise, b2b	Active	2026-06-05
a16z Enterprise Newsletter	Andreessen Horowitz (enterprise team)	https://www.a16z.news/feed	Free	a16z's enterprise/B2B briefing covering AI, data, open source, security, and company building. Curated investor and operator perspectives on the B2B tech stack.	Monthly	enterprise, saas, ai, b2b, dev-tools	Active	2026-06-05
Elad's Newsletter (Elad Blog)	Elad Gil	https://blog.eladgil.com/feed	Free	Essays on startups, scaling, AI, markets, and company building from a serial founder, operator, and prolific angel investor. High-altitude advice for founders and senior operators.	Others (Irregular)	startups, ai, strategy, venture, scaling	Active	2026-04-20
The SaaS Baton	Krish Subramanian & Rajaraman Santhanam (Chargebee)	https://pmfevals.substack.com/feed	Free	Three crisp, actionable lessons per edition drawn from interviews with SaaS founders and operators on hiring, cash flow, pricing, and building products, from Chargebee's Relay community.	Others (Irregular)	saas, b2b, operators, product, pricing	Active	2026-05-16
Blossom Street Ventures	Sammy Abdullah	https://www.blossomstreetventures.com/blog-feed.xml	Free	Data-driven posts benchmarking public and private SaaS metrics: revenue growth, net/gross dollar retention, CAC, margins, and venture fundraising trends. Numbers-first analysis for operators.	Weekly	saas, metrics, venture, b2b, finance	Active	2026-04-03
A Smart Bear (Longform)	Jason Cohen	https://longform.asmartbear.com/index.xml	Free	Dense, evergreen longform essays from the founder of WP Engine and Smart Bear (two unicorns). Covers startup and product strategy, pricing and business models, decision-making, positioning, and growth—first-principles thinking for founders and senior PMs.	Others (Irregular)	strategy, pricing, business-models, startups, decision-making	Active	2026-05-24
Dan Hock's Essays	Dan Hockenmaier	https://www.danhock.co/feed	Freemium	Infrequent but rigorous longform essays on the strategy and tactics of growing startups and growing your career, from Faire's Chief Strategy Officer (ex-Thumbtack growth, ex-Reforge partner). Especially deep on marketplaces, network effects, growth models, and monetization.	Others (Irregular)	marketplaces, growth, strategy, network-effects, monetization	Active	2026-04-08
The Bootstrapped Founder	Arvid Kahl	https://www.thebootstrappedfounder.com/feed	Freemium	Tactical, honest lessons on building and scaling software businesses without venture capital, from a founder who built and sold a SaaS. Covers audience-building, monetization, data moats, and AI integration for indie and bootstrapped operators.	Weekly	bootstrapping, saas, indie-hackers, audience-building, monetization	Inactive	2023-10-22
Greg's Letter (Late Checkout)	Greg Isenberg	https://latecheckout.substack.com/feed	Free	Weekly free startup ideas plus insights on building internet communities, products people love, and audience-driven businesses. Idea-machine, zero-to-one thinking for consumer and community builders.	Weekly	startup-ideas, communities, consumer-internet, product, indie	Active	2026-04-24
The Curiosity Chronicle	Sahil Bloom	https://sahilbloom.substack.com/feed	Freemium	Actionable frameworks for building a high-performing life, with frequent threads on entrepreneurship, decision-making, and personal growth. Consistency-driven builder mindset content for a near-million readership.	Weekly	personal-growth, frameworks, wealth, entrepreneurship, mindset	Active	2026-06-05
RadReads	Khe Hy	https://radreads.substack.com/feed	Freemium	Weekly Saturday essays on productivity, leadership, money, and designing a meaningful career for high performers. Reflective builder/operator craft from a former Wall Street MD turned solopreneur.	Weekly	productivity, leadership, career, money, solopreneur	Inactive	2025-09-21
Steph Smith's Blog	Steph Smith	https://blog.stephsmith.io/rss/	Free	Long-form essays on remote work, internet trends, continuous growth, building products, and making sense of online data. Builder/operator perspective from an ex-a16z podcast host and Internet Pipes creator.	Others (Irregular)	internet-trends, remote-work, growth, data, building	Inactive	2020-11-19
Elizabeth Yin's Blog	Elizabeth Yin	https://elizabethyin.com/feed/	Free	Tactical, candid posts on startup fundraising, investing, and go-to-market from the Hustle Fund co-founder. Demystifies pre-seed/seed raising with concrete data and founder-friendly playbooks.	Others (Irregular)	fundraising, pre-seed, vc, gtm, startup-tactics	Active	2026-04-24
HEY World (DHH)	David Heinemeier Hansson	https://world.hey.com/dhh/feed.atom	Free	Opinionated essays on software, business philosophy, calm growth, remote work, and bootstrapping from the 37signals co-founder. A contrarian, profitable-company-building point of view.	Others (Irregular)	bootstrapping, 37signals, software, business-philosophy, calm-company	Active	2026-06-03
HEY World (Jason Fried)	Jason Fried	https://world.hey.com/jason/feed.atom	Free	Short, sharp posts on running a profitable, sane software company, product simplicity, and unconventional management from the 37signals co-founder. Builder craft over hypergrowth dogma.	Others (Irregular)	37signals, product, management, calm-company, bootstrapping	Active	2026-03-20
20VC Newsletter	Harry Stebbings	https://20vc.substack.com/feed	Free	Distilled insights, frameworks, and episode takeaways from interviews with leading founders and investors. Fortnightly venture and company-building lessons for ambitious operators.	Fortnightly	venture-capital, founders, fundraising, scaling, interviews	Active	2026-06-01
Nathan Barry	Nathan Barry	https://nathanbarry.com/feed	Free	Essays on building a creator-led business, audience growth, product, and scaling Kit (ConvertKit). Builder craft from a designer-founder who bootstrapped to a $45M+ SaaS.	Others (Irregular)	creator-economy, saas, audience, product, founder-journey	Active	2026-06-04
levels.io	Pieter Levels	https://levels.io/rss/	Free	Raw, transparent posts on building profitable indie products solo (Nomad List, Remote OK, PhotoAI), revenue numbers, and shipping fast. Canonical build-in-public indie-hacker source.	Others (Irregular)	indie-hacking, build-in-public, solo-founder, saas, bootstrapping	Active	2026-06-04
This Week in Startups	Jason Calacanis	https://twistartups.substack.com/feed	Free	Founder- and startup-focused notes tied to the long-running TWiST podcast, covering fundraising, building, and tech-market shifts. Energetic, operator-investor commentary for early founders.	Weekly	startups, fundraising, founders, tech, podcast-companion	Active	2026-06-11
Bottom Up	David Sacks	https://sacks.substack.com/feed	Free	Playbooks for building software companies—SaaS GTM, sales metrics, pipeline, and scaling—from the Craft Ventures founder and former PayPal/Yammer operator. Dense, reusable operating frameworks.	Others (Irregular)	saas, gtm, sales-metrics, scaling, operating-playbooks	Active	2026-06-06
Sam Altman's Blog	Sam Altman	https://blog.samaltman.com/posts.atom	Free	Essays on startups, ambition, productivity, and AI from the OpenAI CEO and former YC president. Concise, high-signal advice on building and thinking like a founder.	Others (Irregular)	startups, ai, ambition, yc, founder-mindset	Active	2026-06-05
Working Theorys	Anu Atluru	https://www.workingtheorys.com/feed	Freemium	Essays on people, technology, startups, and the future from a founder-writer (early Clubhouse, now running a product studio). Thoughtful zero-to-one and company-building reflections.	Fortnightly	startups, zero-to-one, culture, product, essays	Active	2026-04-15
Marketing Ideas	Tom Orbach	https://www.marketingideas.com/feed	Free	Weekly drop of concrete, scrappy marketing and growth tactics founders can copy. Tool-driven, viral-experiment energy from a growth marketer building in public.	Weekly	marketing, growth, tactics, scrappy, founders	Active	2026-06-04
Tony Dinh's Newsletter	Tony Dinh	https://news.tonydinh.com/feed	Free	Monthly indie-hacking updates with revenue numbers, product lessons, and build-in-public reflections from a solo founder running $1M+ ARR in tools (TypingMind). Transparent maker journey.	Monthly	indie-hacking, build-in-public, revenue-reports, solo-founder, saas	Inactive	2025-11-27
Small Bets	Daniel Vassallo	https://newsletter.smallbets.co/feed	Freemium	Lessons on building a diversified portfolio of small, low-risk income streams instead of one big bet. Anti-fragile entrepreneurship for creators and indie makers from an ex-Amazon engineer.	Others (Irregular)	small-bets, indie, portfolio-income, creators, anti-fragile	Active	2026-06-06
App Economy Insights (How They Make Money)	Bertrand (App Economy Insights)	https://www.appeconomyinsights.com/feed	Freemium	Visual weekly breakdowns of how major tech, fintech, and consumer companies make money—anchored on earnings and business-model charts. Excellent for PMs learning to read financials and competitive positioning fluently.	Weekly	business-models, financials, earnings, visual-explainers, strategy	Active	2026-06-05
Money Stuff	Matt Levine (Bloomberg Opinion)	https://www.bloomberg.com/opinion/authors/ARbTQlRLRjE/matthew-s-levine.rss	Free	Wry, deeply informed daily column on finance, markets, market structure, and corporate absurdity from a former M&A lawyer and banker. A masterclass in clear, funny explanatory writing about how incentives work.	Daily	finance, markets, corporate-strategy, incentives, writing	Active	2026-06-04
The Diff	Byrne Hobart	https://www.thediff.co/feed	Paid	Daily analysis of inflections in finance and technology, connecting business strategy, capital markets, and historical patterns. Frequent deep dives on individual companies and competitive dynamics.	Daily	strategy, finance, tech, deep-dives, business-analysis	Inactive	2022-11-14
Capital Gains	Byrne Hobart	https://rss.beehiiv.com/feeds/JyXsSUwlAE.xml	Free	The free companion to The Diff, teaching how to think about finance, economics, and corporate strategy from first principles. Shorter explainer pieces on M&A, market structure, and business models.	Weekly	finance, economics, strategy, mental-models	Active	2026-06-03
Noahpinion	Noah Smith	https://www.noahpinion.blog/feed	Freemium	Economics, technology, and policy commentary that frames macro and industry trends in plain language. Useful for building a model of how the broader economy shapes markets and products.	Others (several/week)	economics, policy, tech-trends, macro	Active	2026-06-04
Kyla's Newsletter	Kyla Scanlon	https://kyla.substack.com/feed	Freemium	Human-centric economic analysis connecting markets, sentiment, and culture (coined "vibecession"). Accessible takes on how the economy feels versus how it measures.	Weekly	economics, markets, culture, sentiment	Active	2026-05-28
Benedict Evans	Benedict Evans	https://www.ben-evans.com/benedictevans?format=rss	Free	Essays on technology strategy, platform shifts, and the structural forces shaping tech, from a former a16z partner. Synthesizes market data into clear strategic frameworks—essential for reasoning about platform-level change.	Weekly	tech-strategy, platforms, market-analysis, ai	Active	2026-05-24
Doomberg	Doomberg team	https://newsletter.doomberg.com/feed	Freemium	Hard-hitting analysis of energy, commodities, and macro through a business-strategy lens. Contrarian, well-sourced takes on the physical economy underpinning tech and markets.	Weekly	energy, commodities, macro, strategy	Active	2026-06-04
Spyglass	M.G. Siegler	https://spyglass.org/feed/	Freemium	Insight on technology, media, and product strategy from a longtime VC and tech writer. Sharp commentary on Apple, AI, streaming, and platform moves—reading the strategic subtext behind big-tech decisions.	Others (several/week)	tech, product-strategy, big-tech, media	Active	2026-06-03
Where's Your Ed At	Ed Zitron	https://www.wheresyoured.at/rss/	Free	Combative, deeply reported critiques of the tech industry, AI economics, and "rot economy" incentives. A counterweight to hype that forces rigorous thinking about unit economics and sustainability.	Weekly	tech-criticism, ai-economics, business-models, contrarian	Active	2026-06-05
Musings on Markets	Aswath Damodaran	https://aswathdamodaran.blogspot.com/feeds/posts/default	Free	The "Dean of Valuation" breaks down company valuations, corporate finance, and market narratives with rigor. Teaches how to connect strategy and storytelling to numbers, with frequent company case studies.	Others (Irregular)	valuation, corporate-finance, company-analysis, narrative	Active	2026-06-04
Remains of the Day	Eugene Wei	https://www.eugenewei.com/blog?format=rss	Free	Rare but exceptional essays on product strategy, network effects, status games, and consumer tech (TikTok, status-as-a-service). Each piece is a deep, original framework—among the most influential product-strategy writing online.	Others (Irregular)	product-strategy, network-effects, consumer-tech, frameworks	Inactive	2023-07-07
kwokchain	Kevin Kwok	https://kwokchain.com/feed/	Free	Infrequent but high-signal essays on strategy, narrative distillation, business models, and venture dynamics. Dense, conceptual reading on positioning and moats (known for the "Narrative Distillation" framework).	Others (Irregular)	strategy, business-models, venture, frameworks	Active	2026-04-23
The Information	Jessica Lessin & team	https://www.theinformation.com/feed	Paid	Premium tech-industry journalism with original reporting on AI, big tech, startups, and dealmaking. Breaks news on strategic moves before they're widely understood—useful for tracking the competitive landscape.	Daily	tech-news, reporting, startups, ai	Active	2026-06-05
Sub Club	RevenueCat (David Barnard, Jacob Eiting et al.)	https://www.revenuecat.com/blog/rss.xml	Free	Curated insights and stories from the smartest people in subscription apps—mobile monetization, paywalls, trials, pricing, and retention. Pairs with the Sub Club podcast and State of Subscription Apps benchmarks.	Fortnightly	consumer-subscription, app-monetization, paywalls, mobile, retention	Active	2026-04-22
Elemental Growth	Phil Carter	https://philgcarter.substack.com/feed	Freemium	Frameworks, strategies, and tactics to grow consumer subscription businesses, including the widely cited Subscription Value Loop. From a former VC and growth leader (Faire, Quizlet, Ibotta) who advises subscription apps.	Others (Irregular)	consumer-subscription, growth, pricing, frameworks, apps	Inactive	2024-09-01
Ibbaka Market Blog	Steven Forth & Ibbaka team	https://www.ibbaka.com/ibbaka-market-blog?format=rss	Free	Strategic B2B SaaS and value-based pricing insights—economic value estimation, value metrics, usage/credit-based pricing, and AI monetization. Analytical, advisory-grade pieces on pricing strategy.	Weekly	value-based-pricing, b2b-saas, pricing-strategy, monetization, ai-pricing	Active	2025-12-30
Subscribed (Zuora)	Tien Tzuo & Zuora team	https://medium.com/feed/@subscribed	Free	From the company that coined "the subscription economy": recurring revenue, consumption/usage models, and the unbundling and rebundling of services. Strategic perspective from the author of Subscribed.	Monthly	subscription-economy, recurring-revenue, usage-based, monetization, strategy	Inactive	2016-11-20
Press Gazette	Dominic Ponsford & team	https://pressgazette.substack.com/feed	Freemium	The "Future of Media" trade title with deep coverage of news-publisher subscriptions, paywalls, and reader revenue—including its closely watched ranking of publishers with 100k+ paying subscribers.	Daily	media-subscriptions, paywalls, reader-revenue, publishing, benchmarks	Active	2026-06-04
A Media Operator	Jacob Cohen Donnelly	https://www.amediaoperator.com/feed/	Freemium	Twice-weekly strategic and tactical analysis on building, growing, and monetizing digital media companies, with heavy focus on subscription products, bundling, and reader-revenue models.	Weekly	media-subscriptions, monetization, publishing, bundling, recurring-revenue	Active	2026-06-04
Subscription Insider	Kathy Greenler Sexton	https://www.subscriptioninsider.com/feed	Freemium	Subscription-economy news, research, and training for operators across pricing, payments, retention, and compliance. Tracks public-company subscription earnings and recurring-revenue strategy.	Daily	subscription-economy, recurring-revenue, pricing, retention, payments	Active	2026-05-16
SaaSletter	Matt Harney	https://www.saasletter.com/feed	Freemium	A chart-heavy cloud + SaaS newsletter from a Cloud Ratings principal analyst, covering SaaS metrics, NRR/retention economics, pricing trends, and benchmarks. Strong on the financial side of SaaS.	Others (Irregular)	saas-metrics, monetization, retention, benchmarks, pricing	Active	2026-05-08
GP Bullhound CSS	Eric Crowley & GP Bullhound	https://www.gpbullhound.com/feed/	Free	Reports and commentary on the consumer subscription software (CSS) sector—app subscription M&A, churn management, the "Chief Household Officer," and how consumer subscriptions perform across cycles.	Others (Irregular)	consumer-subscription, css, market-analysis, app-subscriptions, m-and-a	Inactive	2024-03-01
NFX	James Currier, Gigi Levy-Weiss et al. (NFX)	https://medium.com/feed/@nfx	Free	Essays and frameworks on network effects and marketplace defensibility from the NFX seed fund—home of the Network Effects Bible, marketplace playbooks, and B2B/consumer teardowns. Required reading for two-sided businesses.	Others (Irregular)	marketplaces, network-effects, venture-capital, defensibility, platforms	Inactive	2022-01-13
Sarah Tavel	Sarah Tavel (Benchmark)	https://sarahtavel.medium.com/feed	Free	Benchmark GP and author of the canonical "Hierarchy of Marketplaces" and "Hierarchy of Engagement." Deep, practitioner essays on building winner-take-most marketplaces, liquidity, and consumer network effects.	Others (Irregular)	marketplaces, frameworks, network-effects, consumer, venture-capital	Inactive	2024-04-02
Above the Crowd	Bill Gurley (Benchmark)	https://abovethecrowd.com/feed/	Free	The legendary Benchmark investor's long-running blog on marketplaces, online businesses, unit economics, take rates, and platform dynamics. Infrequent but foundational essays.	Others (Irregular)	marketplaces, venture-capital, unit-economics, take-rate, valuations	Inactive	2025-11-03
Platforms (Sangeet Paul Choudary)	Sangeet Paul Choudary	https://platforms.substack.com/feed	Freemium	Author of Platform Revolution on platform strategy, ecosystem competition, platformization, and how AI reshapes platform power and the knowledge economy. Rigorous, framework-driven analysis.	Weekly	platforms, ecosystems, network-effects, ai, strategy	Active	2026-05-31
Newcomer	Eric Newcomer	https://www.newcomer.co/feed	Freemium	Deeply reported newsletter on the startup/VC industry—fundraising scoops, power dynamics inside venture firms, and interviews. Strong on marketplace, consumer, and platform-company financings and strategy.	Weekly	venture-capital, startups, scoops, tech-industry	Active	2026-06-05
2PM	Web Smith	https://2pml.com/feed/	Freemium	Where media meets commerce: curated news plus original analysis on DTC, retail, brand, and the commerce-media intersection. A cult favorite among commerce operators and investors.	Weekly	ecommerce, dtc, retail, media, brand	Active	2026-05-18
Modern Retail	Digiday Media	https://www.modernretail.co/feed/	Free	Original journalism on the reinvention of retail—DTC brand evolution, the Amazon era, retail media networks, marketplaces, and omnichannel. Deeper investigative pieces than most daily retail briefings.	Daily	retail, ecommerce, dtc, amazon, retail-media	Active	2026-06-04
Practical Ecommerce	Practical Ecommerce team	https://www.practicalecommerce.com/feed	Free	Independent how-to journalism for online merchants—Amazon, SEO, conversion, payments, multichannel, and shipping. Hands-on, operator-focused content for running an ecommerce business.	Daily	ecommerce, merchants, seo, operations, multichannel	Active	2026-06-05
The Consumer VC	Mike Gelb	https://www.theconsumervc.com/feed	Freemium	Newsletter and podcast on investing in consumer startups—marketplaces, CPG, commerce, DTC—with weekly fundraising/M&A roundups and interviews with consumer-focused VCs and founders.	Weekly	consumer, venture-capital, dtc, marketplaces, cpg	Active	2026-06-05
TSOH Investment Research	Alex Morris	https://thescienceofhitting.com/feed	Freemium	Transparent long-term equity research with full portfolio disclosure, heavy on consumer, retail, and platform businesses (dollar stores, Amazon, media). Investor-grade reasoning on commerce companies.	Weekly	investing, retail, consumer-stocks, equity-research	Active	2026-06-05
All4Marketplaces	Jordi Ordóñez	https://all4marketplaces.com/feed	Free	News, tools, and tactics on Amazon and other marketplaces—Seller/Vendor strategy, catalog management, and third-party selling. Practitioner-oriented coverage of the marketplace-seller ecosystem.	Weekly	marketplaces, amazon, sellers, ecommerce, tools	Active	2026-05-29
API Evangelist	Kin Lane	https://apievangelist.com/feed.xml	Free	The definitive long-running resource on the technology, business, politics, and people of APIs—API governance, the API economy, and platform/ecosystem strategy. Essential for PMs working on APIs and developer platforms.	Daily	apis, platforms, developer-ecosystems, governance, api-economy	Active	2026-06-05
DTC Newsletter	Nik Sharma (Sharma Brands)	https://sharmabrands.com/blogs/newsletter.atom	Free	Weekly Sunday tactical newsletter on DTC branding, conversion, creative, and growth from a leading DTC operator/investor. Practical playbooks for launching and scaling consumer brands online.	Weekly	dtc, ecommerce, branding, growth, consumer	Inactive	2024-11-25
Eugene Yan	Eugene Yan	https://eugeneyan.com/rss/	Free	Applied ML, recommender systems, and LLM systems from a Member of Technical Staff at Anthropic (ex-Amazon/Alibaba). Deep, practitioner-grade essays on building ML/recsys/LLM systems in production, plus career advice.	Others (Irregular)	applied-ml, recsys, llm-systems, ml-engineering, production-ml	Active	2026-05-03
Ahead of AI	Sebastian Raschka	https://magazine.sebastianraschka.com/feed	Freemium	Technical deep dives into LLM architectures, curated research-paper roundups, and annual state-of-the-art reviews from the author of Build a Large Language Model From Scratch. Code-driven, implementation-focused.	Fortnightly	llms, ml-research, deep-learning, from-scratch, paper-reviews	Active	2026-05-16
Chip Huyen's Blog	Chip Huyen	https://huyenchip.com/feed.xml	Free	Practitioner essays on ML systems and AI engineering in production from the author of Designing Machine Learning Systems and AI Engineering. Covers ML platform architecture, agents, and real-world deployment.	Others (Irregular)	ml-systems, ai-engineering, production-ml, mlops, agents	Inactive	2025-01-16
The AiEdge	Damien Benveniste	https://newsletter.theaiedge.io/feed	Freemium	A continuous-learning newsletter on ML applications, ML system design, MLOps, recommender systems, RAG, and agents from a former Meta ML tech lead. Serialized deep dives and hands-on tutorials.	Weekly	ml-system-design, mlops, recsys, llms, tutorials	Inactive	2025-09-29
SwirlAI Newsletter	Aurimas Griciunas	https://www.newsletter.swirlai.com/feed	Freemium	Explains data engineering, ML, MLOps, and GenAI systems engineering (RAG, agentic AI, evals) in digestible form with strong visual diagrams. Connects the dots across the end-to-end data and AI pipeline.	Weekly	data-engineering, mlops, ai-engineering, rag, agents	Active	2026-05-27
Deep (Learning) Focus	Cameron R. Wolfe	https://cameronrwolfe.substack.com/feed	Freemium	In-depth research overviews on deep learning and AI from a Netflix senior research scientist. Each series focuses on one topic, distilling multiple papers with extensive background for comprehensive understanding.	Weekly	deep-learning, ml-research, llms, rl, paper-deep-dives	Active	2026-05-18
Hamel's Blog	Hamel Husain	https://hamelhusain.substack.com/feed	Free	Focused on bringing rigorous data science to AI through "evals"—helping teams debug, analyze, and measure LLM systems. Covers error analysis, data flywheels, and trustworthy automated evaluation.	Others (Irregular)	ai-evals, llm-evaluation, applied-ai, data-science, ml-engineering	Active	2026-06-03
Normcore Tech	Vicki Boykis	https://newsletter.vickiboykis.com/rss/	Freemium	Thoughtful technical writing at the intersection of ML systems, engineering craft, and tech culture. Covers embeddings, LLMs, recsys-adjacent topics, and production systems, grounded in nuance.	Weekly	ml-systems, embeddings, llms, engineering-culture, data	Active	2026-05-29
Data Engineering Weekly	Ananth Packkildurai	https://www.dataengineeringweekly.com/feed	Freemium	Weekly curated digest of the most important data-engineering writing—modern data platforms, large-scale pipelines, lakehouses, and increasingly AI-driven and ML data architectures. A staple for data/ML platform practitioners.	Weekly	data-engineering, data-platforms, pipelines, mlops, curated	Active	2026-06-01
Gradient Flow	Ben Lorica	https://gradientflow.substack.com/feed	Freemium	Frameworks and analysis on applied AI, small/large language models, data engineering, and AI knowledge work, from the former O'Reilly Chief Data Scientist who hosts the Data Exchange podcast.	Weekly	applied-ai, data-engineering, llms, ai-strategy, analysis	Active	2026-06-02
NLP News	Sebastian Ruder	https://newsletter.ruder.io/feed	Freemium	Regular analyses of advances in NLP and ML from a leading NLP researcher—contextualizing new trends, summarizing research, and offering guidance on future directions at a practitioner level.	Others (Irregular)	nlp, llms, ml-research, trends, paper-summaries	Inactive	2024-05-13
Top Information Retrieval Papers of the Week	Sumit Kumar	https://recsys.substack.com/feed	Free	Weekly curation of the 7-10 most notable research papers in information retrieval—recommender systems, search, retrieval, and ranking—each with a brief summary. Tracks industrial work from Meta, Uber, LinkedIn.	Weekly	recsys, information-retrieval, search, ranking, paper-roundup	Active	2026-06-05
RecsysML + LLMs	Gaurav Chakravorty	https://recsysml.substack.com/feed	Freemium	State-of-the-art applied ML focused on recommender systems and their convergence with LLMs—generative retrieval, RL-aligned ranking, embeddings, and ML design interviews. By a 20-year applied-ML veteran.	Others (Irregular)	recsys, applied-ml, llms, generative-retrieval, ranking	Active	2026-05-23
Language Models & Co.	Jay Alammar	https://newsletter.languagemodels.co/feed	Freemium	Visual, intuitive explanations of large language models—their internals and applications—from the creator of The Illustrated Transformer and co-author of Hands-On Large Language Models.	Others (Irregular)	llms, transformers, visual-explainers, nlp, applied-ai	Inactive	2025-11-03
Lil'Log	Lilian Weng	https://lilianweng.github.io/index.xml	Free	Rigorous, long-form learning notes on AI/ML research—LLMs, agents, reinforcement learning, diffusion, transformers—by a prominent ML researcher (ex-OpenAI). Each post is an authoritative, deeply referenced survey.	Others (Irregular)	ml-research, llms, rl, diffusion, deep-learning	Inactive	2025-05-01
MLOps Newsletter	Bugra Akyildiz	https://mlops.substack.com/feed	Free	Mostly-weekly roundup of developments across machine learning and deep learning, with a strong systems/recommendations bent. Practical signal on MLOps tooling, papers, and industry engineering.	Weekly	mlops, ml-engineering, recsys, deep-learning, curated	Active	2026-02-15
Marvelous MLOps	Maria Vechtomova & Başak Tuğçe Eskili	https://marvelousmlops.substack.com/feed	Freemium	Pragmatic MLOps content focused on connecting existing tools to support real MLOps standards in production. Hands-on guidance for ML platform builders, plus an accompanying podcast.	Weekly	mlops, ml-platforms, production-ml, tooling, best-practices	Active	2026-03-06
Exploring Language Models	Maarten Grootendorst	https://newsletter.maartengrootendorst.com/feed	Freemium	Visual guides and deep dives into large language models—quantization, mixture-of-experts, embeddings, and architecture internals—by an ML engineer and co-author of Hands-On Large Language Models.	Others (Irregular)	llms, visual-guides, nlp, quantization, embeddings	Active	2026-06-03
Daily Dose of Data Science	Avi Chawla	https://www.dailydoseofds.com/rss/	Freemium	Bite-sized daily lessons on data science and ML—lesser-known techniques, ML system design, MLOps, RL, LLMs, and AI agents—each readable in a couple of minutes with practical, hands-on framing.	Daily	data-science, ml-engineering, mlops, llms, tutorials	Active	2026-05-31
amatria.in	Xavier Amatriain	https://amatria.in/blog/feed.xml	Free	Clear, real-world-grounded writing on AI, LLMs, reinforcement learning, and recommender systems from a leading practitioner (ex-Netflix recommendations, ex-Google AI, Curai founder). Includes recsys conference recaps.	Others (Irregular)	applied-ai, recsys, llms, ml-systems, industry	Active	2026-05-02
Below the Line	Kevin LaBuz	https://kjlabuz.substack.com/feed	Freemium	Breaks down business models and how technology reshapes them, with deep e-commerce and marketplace economics coverage (Amazon, Shopify, Etsy, eBay). Operator-grade analysis of liquidity, network effects, and AI's P&L impact.	Weekly	marketplaces, ecommerce, strategy, business-models	Active	2025-12-14
Thought Sparks	Rita McGrath	https://thoughtsparks.substack.com/feed	Freemium	A Columbia Business School professor's essays on strategy, innovation, and growth—including inflection points and platform/ecosystem economics. Bridges academic strategy frameworks with practical company examples.	Weekly	strategy, innovation, platforms, growth	Active	2026-05-21
Run the Business	Ibrahim Bashir	https://runthebusiness.substack.com/feed	Freemium	Product-leadership essays on strategy, execution, metrics, and B2B SaaS from a seasoned VP of Product. Covers north-star metrics, marketplace/platform PM, org dynamics, and durable value creation.	Weekly	product, b2b-saas, strategy, leadership, metrics	Active	2026-05-27
The Secret CFO	Anonymous (veteran CFO)	https://thesecretcfo.substack.com/feed	Freemium	Finance-leadership wisdom not taught in textbooks, written by an anonymous veteran CFO. Covers cash flow, profitability, capital allocation, and investor relations in plain language for founders and operators.	Weekly	finance, cfo, operators, business	Inactive	2025-08-01
Looking for Leverage	CJ Gustafson	https://lookingforleverage.substack.com/feed	Freemium	A weekly playbook for PE-backed CFOs and executives focused on margin expansion, value creation, and exit strategy. Tactical operator content on running profitable, leverageable businesses.	Weekly	finance, private-equity, operators, margins	Active	2025-12-10
OnlyCFO's Newsletter	OnlyCFO	https://www.onlycfo.io/feed	Freemium	Financial metrics, benchmarks, and operational breakdowns for tech companies from an anonymous finance operator. Covers SaaS efficiency, AI-native finance, and capital-markets reads—sharp, numbers-driven takes.	Weekly	finance, saas-metrics, benchmarks, operators	Active	2026-06-04
Clouded Judgement	Jamin Ball	https://cloudedjudgement.substack.com/feed	Freemium	Weekly data-driven analysis of public SaaS and cloud companies from an Altimeter investor, tracking multiples, growth, efficiency, and macro signals. The go-to for SaaS valuation and capital-markets context.	Weekly	saas, valuation, data, capital-markets	Active	2026-06-05
ByteByteGo	Alex Xu	https://blog.bytebytego.com/feed	Freemium	Explains complex system design and modern web/data architecture in simple terms with strong visuals, for 1M+ readers. Covers scalability, distributed systems, and how big tech builds infrastructure—a clear primer for technical intuition.	Weekly	system-design, engineering, architecture, ml-systems	Active	2026-06-04
MKT1 Newsletter	Emily Kramer & Kathleen Estreich	https://mkt1.substack.com/feed	Freemium	B2B marketing strategy, positioning, demand generation, and marketing-org design from former heads of marketing at Asana and Carta. Practical, template-rich frameworks for early-stage founders building GTM.	Fortnightly	b2b-marketing, gtm, positioning, startups	Active	2026-05-29
The Down Round	Patrick Mathieson	https://thedownround.substack.com/feed	Free	Candid essays on financing, scaling, and the realities of early-stage B2B software from a venture investor. Covers fundraising dynamics, valuations, and founder-VC relationships—an insider's perspective on startup capital.	Others (Irregular)	venture-capital, fundraising, b2b-saas, startups	Active	2026-05-20
Wildfire Labs	Todd Gagne	https://wildfirelabs.substack.com/feed	Freemium	Founder-operator essays on building and investing in startups, venture studios, and company-building from a serial CEO. Practical lessons on operating, scaling, and capital.	Others (Irregular)	founders, venture-studios, operating, startups	Active	2026-06-04
Innovation Unpacked (JTBD)	Mike Boysen	https://jtbd.one/feed	Freemium	Applies Jobs-to-be-Done thinking to innovation, product strategy, and growth—helping founders frame problems and markets. Deep on JTBD method and customer-centric strategy.	Others (Irregular)	jobs-to-be-done, innovation, product-strategy, growth	Active	2026-06-05
Investing in AI	Rob May	https://investinginai.substack.com/feed	Freemium	Twice-monthly AI market analysis and investing perspective from an operator who has built and funded multiple companies. Connects AI research and product trends to business and investment implications.	Fortnightly	ai, investing, strategy, markets	Active	2026-06-04
MRR Unlocked	Alexander Estner	https://www.mrrunlocked.com/feed	Freemium	Actionable tactics for scaling B2B SaaS revenue, covering growth, monetization, and go-to-market experiments. Concise, practical playbooks for early-stage founders on the path to recurring revenue.	Weekly	saas, monetization, growth, b2b	Active	2026-05-24
Micro SaaS Idea	Upendra	https://microsaasidea.substack.com/feed	Free	Surfaces and validates profitable micro-SaaS business ideas, with market analysis and build-vs-buy reasoning. Idea-generation fuel for indie founders and operators—niche, opportunity-spotting focus.	Weekly	micro-saas, ideas, bootstrapping, founders	Active	2026-02-13
